{"cameraMode":{"drawMode":0,"name":"Shaded","section":"Shading Mode"},"sceneLighting":false,"audioPlay":false,"sceneViewState":{"m_AlwaysRefresh":false,"showFog":true,"showSkybox":true,"showFlares":true,"showImageEffects":true,"showParticleSystems":true,"showVisualEffectGraphs":true,"m_FxEnabled":false},"in2DMode":false,"pivot":{"x":-3.7899999618530275,"y":1.0082728862762452,"z":3.9700000286102297},"rotation":{"x":0.10287176072597504,"y":-0.26090455055236819,"z":0.027974490076303483,"w":0.9594708681106567},"size":1.6409060955047608,"orthographic":false}